orderNumber,orderDate,requiredDate,shippedDate,status,customerNumber,Month Name,Day Name,Shipping Days,Shipping Speed
10100,06-01-2003,13-01-2003,10-01-2003,Shipped,363,January,Monday,4,Good
10101,09-01-2003,18-01-2003,11-01-2003,Shipped,128,January,Thursday,2,Average
10102,10-01-2003,18-01-2003,14-01-2003,Shipped,181,January,Friday,4,Good
10103,29-01-2003,07-02-2003,02-02-2003,Shipped,121,January,Wednesday,4,Good
10104,31-01-2003,09-02-2003,01-02-2003,Shipped,141,January,Friday,1,Average
10105,11-02-2003,21-02-2003,12-02-2003,Shipped,145,February,Tuesday,1,Average
10106,17-02-2003,24-02-2003,21-02-2003,Shipped,278,February,Monday,4,Good
10107,24-02-2003,03-03-2003,26-02-2003,Shipped,131,February,Monday,2,Average
10108,03-03-2003,12-03-2003,08-03-2003,Shipped,385,March,Monday,5,Good
10109,10-03-2003,19-03-2003,11-03-2003,Shipped,486,March,Monday,1,Average
10110,18-03-2003,24-03-2003,20-03-2003,Shipped,187,March,Tuesday,2,Average
10111,25-03-2003,31-03-2003,30-03-2003,Shipped,129,March,Tuesday,5,Good
10112,24-03-2003,03-04-2003,29-03-2003,Shipped,144,March,Monday,5,Good
10113,26-03-2003,02-04-2003,27-03-2003,Shipped,124,March,Wednesday,1,Average
10114,01-04-2003,07-04-2003,02-04-2003,Shipped,172,April,Tuesday,1,Average
10115,04-04-2003,12-04-2003,07-04-2003,Shipped,424,April,Friday,3,Average
10116,11-04-2003,19-04-2003,13-04-2003,Shipped,381,April,Friday,2,Average
10117,16-04-2003,24-04-2003,17-04-2003,Shipped,148,April,Wednesday,1,Average
10118,21-04-2003,29-04-2003,26-04-2003,Shipped,216,April,Monday,5,Good
10119,28-04-2003,05-05-2003,02-05-2003,Shipped,382,April,Monday,4,Good
10120,29-04-2003,08-05-2003,01-05-2003,Shipped,114,April,Tuesday,2,Average
10121,07-05-2003,13-05-2003,13-05-2003,Shipped,353,May,Wednesday,6,Good
10122,08-05-2003,16-05-2003,13-05-2003,Shipped,350,May,Thursday,5,Good
10123,20-05-2003,29-05-2003,22-05-2003,Shipped,103,May,Tuesday,2,Average
10124,21-05-2003,29-05-2003,25-05-2003,Shipped,112,May,Wednesday,4,Good
10125,21-05-2003,27-05-2003,24-05-2003,Shipped,114,May,Wednesday,3,Average
10126,28-05-2003,07-06-2003,02-06-2003,Shipped,458,May,Wednesday,5,Good
10127,03-06-2003,09-06-2003,06-06-2003,Shipped,151,June,Tuesday,3,Average
10128,06-06-2003,12-06-2003,11-06-2003,Shipped,141,June,Friday,5,Good
10129,12-06-2003,18-06-2003,14-06-2003,Shipped,324,June,Thursday,2,Average
10130,16-06-2003,24-06-2003,21-06-2003,Shipped,198,June,Monday,5,Good
10131,16-06-2003,25-06-2003,21-06-2003,Shipped,447,June,Monday,5,Good
10132,25-06-2003,01-07-2003,28-06-2003,Shipped,323,June,Wednesday,3,Average
10133,27-06-2003,04-07-2003,03-07-2003,Shipped,141,June,Friday,6,Good
10134,01-07-2003,10-07-2003,05-07-2003,Shipped,250,July,Tuesday,4,Good
10135,02-07-2003,12-07-2003,03-07-2003,Shipped,124,July,Wednesday,1,Average
10136,04-07-2003,14-07-2003,06-07-2003,Shipped,242,July,Friday,2,Average
10137,10-07-2003,20-07-2003,14-07-2003,Shipped,353,July,Thursday,4,Good
10138,07-07-2003,16-07-2003,13-07-2003,Shipped,496,July,Monday,6,Good
10139,16-07-2003,23-07-2003,21-07-2003,Shipped,282,July,Wednesday,5,Good
10140,24-07-2003,02-08-2003,30-07-2003,Shipped,161,July,Thursday,6,Good
10141,01-08-2003,09-08-2003,04-08-2003,Shipped,334,August,Friday,3,Average
10142,08-08-2003,16-08-2003,13-08-2003,Shipped,124,August,Friday,5,Good
10143,10-08-2003,18-08-2003,12-08-2003,Shipped,320,August,Sunday,2,Average
10144,13-08-2003,21-08-2003,14-08-2003,Shipped,381,August,Wednesday,1,Average
10145,25-08-2003,02-09-2003,31-08-2003,Shipped,205,August,Monday,6,Good
10146,03-09-2003,13-09-2003,06-09-2003,Shipped,447,September,Wednesday,3,Average
10147,05-09-2003,12-09-2003,09-09-2003,Shipped,379,September,Friday,4,Good
10148,11-09-2003,21-09-2003,15-09-2003,Shipped,276,September,Thursday,4,Good
10149,12-09-2003,18-09-2003,17-09-2003,Shipped,487,September,Friday,5,Good
10150,19-09-2003,27-09-2003,21-09-2003,Shipped,148,September,Friday,2,Average
10151,21-09-2003,30-09-2003,24-09-2003,Shipped,311,September,Sunday,3,Average
10152,25-09-2003,03-10-2003,01-10-2003,Shipped,333,September,Thursday,6,Good
10153,28-09-2003,05-10-2003,03-10-2003,Shipped,141,September,Sunday,5,Good
10154,02-10-2003,12-10-2003,08-10-2003,Shipped,219,October,Thursday,6,Good
10155,06-10-2003,13-10-2003,07-10-2003,Shipped,186,October,Monday,1,Average
10156,08-10-2003,17-10-2003,11-10-2003,Shipped,141,October,Wednesday,3,Average
10157,09-10-2003,15-10-2003,14-10-2003,Shipped,473,October,Thursday,5,Good
10158,10-10-2003,18-10-2003,15-10-2003,Shipped,121,October,Friday,5,Good
10159,10-10-2003,19-10-2003,16-10-2003,Shipped,321,October,Friday,6,Good
10160,11-10-2003,17-10-2003,17-10-2003,Shipped,347,October,Saturday,6,Good
10161,17-10-2003,25-10-2003,20-10-2003,Shipped,227,October,Friday,3,Average
10162,18-10-2003,26-10-2003,19-10-2003,Shipped,321,October,Saturday,1,Average
10163,20-10-2003,27-10-2003,24-10-2003,Shipped,424,October,Monday,4,Good
10164,21-10-2003,30-10-2003,23-10-2003,Resolved,452,October,Tuesday,2,Average
10165,22-10-2003,31-10-2003,26-12-2003,Shipped,148,October,Wednesday,65,Good
10166,21-10-2003,30-10-2003,27-10-2003,Shipped,462,October,Tuesday,6,Good
10167,23-10-2003,30-10-2003,27-10-2003,Cancelled,448,October,Thursday,4,Good
10168,28-10-2003,03-11-2003,01-11-2003,Shipped,161,October,Tuesday,4,Good
10169,04-11-2003,14-11-2003,09-11-2003,Shipped,276,November,Tuesday,5,Good
10170,04-11-2003,12-11-2003,07-11-2003,Shipped,452,November,Tuesday,3,Average
10171,05-11-2003,13-11-2003,07-11-2003,Shipped,233,November,Wednesday,2,Average
10172,05-11-2003,14-11-2003,11-11-2003,Shipped,175,November,Wednesday,6,Good
10173,05-11-2003,15-11-2003,09-11-2003,Shipped,278,November,Wednesday,4,Good
10174,06-11-2003,15-11-2003,10-11-2003,Shipped,333,November,Thursday,4,Good
10175,06-11-2003,14-11-2003,09-11-2003,Shipped,324,November,Thursday,3,Average
10176,06-11-2003,15-11-2003,12-11-2003,Shipped,386,November,Thursday,6,Good
10177,07-11-2003,17-11-2003,12-11-2003,Shipped,344,November,Friday,5,Good
10178,08-11-2003,16-11-2003,10-11-2003,Shipped,242,November,Saturday,2,Average
10179,11-11-2003,17-11-2003,13-11-2003,Cancelled,496,November,Tuesday,2,Average
10180,11-11-2003,19-11-2003,14-11-2003,Shipped,171,November,Tuesday,3,Average
10181,12-11-2003,19-11-2003,15-11-2003,Shipped,167,November,Wednesday,3,Average
10182,12-11-2003,21-11-2003,18-11-2003,Shipped,124,November,Wednesday,6,Good
10183,13-11-2003,22-11-2003,15-11-2003,Shipped,339,November,Thursday,2,Average
10184,14-11-2003,22-11-2003,20-11-2003,Shipped,484,November,Friday,6,Good
10185,14-11-2003,21-11-2003,20-11-2003,Shipped,320,November,Friday,6,Good
10186,14-11-2003,20-11-2003,18-11-2003,Shipped,489,November,Friday,4,Good
10187,15-11-2003,24-11-2003,16-11-2003,Shipped,211,November,Saturday,1,Average
10188,18-11-2003,26-11-2003,24-11-2003,Shipped,167,November,Tuesday,6,Good
10189,18-11-2003,25-11-2003,24-11-2003,Shipped,205,November,Tuesday,6,Good
10190,19-11-2003,29-11-2003,20-11-2003,Shipped,141,November,Wednesday,1,Average
10191,20-11-2003,30-11-2003,24-11-2003,Shipped,259,November,Thursday,4,Good
10192,20-11-2003,29-11-2003,25-11-2003,Shipped,363,November,Thursday,5,Good
10193,21-11-2003,28-11-2003,27-11-2003,Shipped,471,November,Friday,6,Good
10194,25-11-2003,02-12-2003,26-11-2003,Shipped,146,November,Tuesday,1,Average
10195,25-11-2003,01-12-2003,28-11-2003,Shipped,319,November,Tuesday,3,Average
10196,26-11-2003,03-12-2003,01-12-2003,Shipped,455,November,Wednesday,5,Good
10197,26-11-2003,02-12-2003,01-12-2003,Shipped,216,November,Wednesday,5,Good
10198,27-11-2003,06-12-2003,03-12-2003,Shipped,385,November,Thursday,6,Good
10199,01-12-2003,10-12-2003,06-12-2003,Shipped,475,December,Monday,5,Good
10200,01-12-2003,09-12-2003,06-12-2003,Shipped,211,December,Monday,5,Good
10201,01-12-2003,11-12-2003,02-12-2003,Shipped,129,December,Monday,1,Average
10202,02-12-2003,09-12-2003,06-12-2003,Shipped,357,December,Tuesday,4,Good
10203,02-12-2003,11-12-2003,07-12-2003,Shipped,141,December,Tuesday,5,Good
10204,02-12-2003,10-12-2003,04-12-2003,Shipped,151,December,Tuesday,2,Average
10205,03-12-2003,09-12-2003,07-12-2003,Shipped,141,December,Wednesday,4,Good
10206,05-12-2003,13-12-2003,08-12-2003,Shipped,202,December,Friday,3,Average
10207,09-12-2003,17-12-2003,11-12-2003,Shipped,495,December,Tuesday,2,Average
10208,02-01-2004,11-01-2004,04-01-2004,Shipped,146,January,Friday,2,Average
10209,09-01-2004,15-01-2004,12-01-2004,Shipped,347,January,Friday,3,Average
10210,12-01-2004,22-01-2004,20-01-2004,Shipped,177,January,Monday,8,Good
10211,15-01-2004,25-01-2004,18-01-2004,Shipped,406,January,Thursday,3,Average
10212,16-01-2004,24-01-2004,18-01-2004,Shipped,141,January,Friday,2,Average
10213,22-01-2004,28-01-2004,27-01-2004,Shipped,489,January,Thursday,5,Good
10214,26-01-2004,04-02-2004,29-01-2004,Shipped,458,January,Monday,3,Average
10215,29-01-2004,08-02-2004,01-02-2004,Shipped,475,January,Thursday,3,Average
10216,02-02-2004,10-02-2004,04-02-2004,Shipped,256,February,Monday,2,Average
10217,04-02-2004,14-02-2004,06-02-2004,Shipped,166,February,Wednesday,2,Average
10218,09-02-2004,16-02-2004,11-02-2004,Shipped,473,February,Monday,2,Average
10219,10-02-2004,17-02-2004,12-02-2004,Shipped,487,February,Tuesday,2,Average
10220,12-02-2004,19-02-2004,16-02-2004,Shipped,189,February,Thursday,4,Good
10221,18-02-2004,26-02-2004,19-02-2004,Shipped,314,February,Wednesday,1,Average
10222,19-02-2004,27-02-2004,20-02-2004,Shipped,239,February,Thursday,1,Average
10223,20-02-2004,29-02-2004,24-02-2004,Shipped,114,February,Friday,4,Good
10224,21-02-2004,02-03-2004,26-02-2004,Shipped,171,February,Saturday,5,Good
10225,22-02-2004,01-03-2004,24-02-2004,Shipped,298,February,Sunday,2,Average
10226,26-02-2004,06-03-2004,02-03-2004,Shipped,239,February,Thursday,5,Good
10227,02-03-2004,12-03-2004,08-03-2004,Shipped,146,March,Tuesday,6,Good
10228,10-03-2004,18-03-2004,13-03-2004,Shipped,173,March,Wednesday,3,Average
10229,11-03-2004,20-03-2004,12-03-2004,Shipped,124,March,Thursday,1,Average
10230,15-03-2004,24-03-2004,20-03-2004,Shipped,128,March,Monday,5,Good
10231,19-03-2004,26-03-2004,25-03-2004,Shipped,344,March,Friday,6,Good
10232,20-03-2004,30-03-2004,25-03-2004,Shipped,240,March,Saturday,5,Good
10233,29-03-2004,04-04-2004,02-04-2004,Shipped,328,March,Monday,4,Good
10234,30-03-2004,05-04-2004,02-04-2004,Shipped,412,March,Tuesday,3,Average
10235,02-04-2004,12-04-2004,06-04-2004,Shipped,260,April,Friday,4,Good
10236,03-04-2004,11-04-2004,08-04-2004,Shipped,486,April,Saturday,5,Good
10237,05-04-2004,12-04-2004,10-04-2004,Shipped,181,April,Monday,5,Good
10238,09-04-2004,16-04-2004,10-04-2004,Shipped,145,April,Friday,1,Average
10239,12-04-2004,21-04-2004,17-04-2004,Shipped,311,April,Monday,5,Good
10240,13-04-2004,20-04-2004,20-04-2004,Shipped,177,April,Tuesday,7,Good
10241,13-04-2004,20-04-2004,19-04-2004,Shipped,209,April,Tuesday,6,Good
10242,20-04-2004,28-04-2004,25-04-2004,Shipped,456,April,Tuesday,5,Good
10243,26-04-2004,03-05-2004,28-04-2004,Shipped,495,April,Monday,2,Average
10244,29-04-2004,09-05-2004,04-05-2004,Shipped,141,April,Thursday,5,Good
10245,04-05-2004,12-05-2004,09-05-2004,Shipped,455,May,Tuesday,5,Good
10246,05-05-2004,13-05-2004,06-05-2004,Shipped,141,May,Wednesday,1,Average
10247,05-05-2004,11-05-2004,08-05-2004,Shipped,334,May,Wednesday,3,Average
10248,07-05-2004,14-05-2004,08-05-2004,Cancelled,131,May,Friday,1,Average
10249,08-05-2004,17-05-2004,11-05-2004,Shipped,173,May,Saturday,3,Average
10250,11-05-2004,19-05-2004,15-05-2004,Shipped,450,May,Tuesday,4,Good
10251,18-05-2004,24-05-2004,24-05-2004,Shipped,328,May,Tuesday,6,Good
10252,26-05-2004,04-06-2004,29-05-2004,Shipped,406,May,Wednesday,3,Average
10253,01-06-2004,09-06-2004,02-06-2004,Cancelled,201,June,Tuesday,1,Average
10254,03-06-2004,13-06-2004,04-06-2004,Shipped,323,June,Thursday,1,Average
10255,04-06-2004,12-06-2004,09-06-2004,Shipped,209,June,Friday,5,Good
10256,08-06-2004,16-06-2004,10-06-2004,Shipped,145,June,Tuesday,2,Average
10257,14-06-2004,24-06-2004,15-06-2004,Shipped,450,June,Monday,1,Average
10258,15-06-2004,25-06-2004,23-06-2004,Shipped,398,June,Tuesday,8,Good
10259,15-06-2004,22-06-2004,17-06-2004,Shipped,166,June,Tuesday,2,Average
10260,16-06-2004,22-06-2004,17-06-2004,Cancelled,357,June,Wednesday,1,Average
10261,17-06-2004,25-06-2004,22-06-2004,Shipped,233,June,Thursday,5,Good
10262,24-06-2004,01-07-2004,22-06-2004,Cancelled,141,June,Thursday,-2,Average
10263,28-06-2004,04-07-2004,02-07-2004,Shipped,175,June,Monday,4,Good
10264,30-06-2004,06-07-2004,01-07-2004,Shipped,362,June,Wednesday,1,Average
10265,02-07-2004,09-07-2004,07-07-2004,Shipped,471,July,Friday,5,Good
10266,06-07-2004,14-07-2004,10-07-2004,Shipped,386,July,Tuesday,4,Good
10267,07-07-2004,17-07-2004,09-07-2004,Shipped,151,July,Wednesday,2,Average
10268,12-07-2004,18-07-2004,14-07-2004,Shipped,412,July,Monday,2,Average
10269,16-07-2004,22-07-2004,18-07-2004,Shipped,382,July,Friday,2,Average
10270,19-07-2004,27-07-2004,24-07-2004,Shipped,282,July,Monday,5,Good
10271,20-07-2004,29-07-2004,23-07-2004,Shipped,124,July,Tuesday,3,Average
10272,20-07-2004,26-07-2004,22-07-2004,Shipped,157,July,Tuesday,2,Average
10273,21-07-2004,28-07-2004,22-07-2004,Shipped,314,July,Wednesday,1,Average
10274,21-07-2004,29-07-2004,22-07-2004,Shipped,379,July,Wednesday,1,Average
10275,23-07-2004,02-08-2004,29-07-2004,Shipped,119,July,Friday,6,Good
10276,02-08-2004,11-08-2004,08-08-2004,Shipped,204,August,Monday,6,Good
10277,04-08-2004,12-08-2004,05-08-2004,Shipped,148,August,Wednesday,1,Average
10278,06-08-2004,16-08-2004,09-08-2004,Shipped,112,August,Friday,3,Average
10279,09-08-2004,19-08-2004,15-08-2004,Shipped,141,August,Monday,6,Good
10280,17-08-2004,27-08-2004,19-08-2004,Shipped,249,August,Tuesday,2,Average
10281,19-08-2004,28-08-2004,23-08-2004,Shipped,157,August,Thursday,4,Good
10282,20-08-2004,26-08-2004,22-08-2004,Shipped,124,August,Friday,2,Average
10283,20-08-2004,30-08-2004,23-08-2004,Shipped,260,August,Friday,3,Average
10284,21-08-2004,29-08-2004,26-08-2004,Shipped,299,August,Saturday,5,Good
10285,27-08-2004,04-09-2004,31-08-2004,Shipped,286,August,Friday,4,Good
10286,28-08-2004,06-09-2004,01-09-2004,Shipped,172,August,Saturday,4,Good
10287,30-08-2004,06-09-2004,01-09-2004,Shipped,298,August,Monday,2,Average
10288,01-09-2004,11-09-2004,05-09-2004,Shipped,166,September,Wednesday,4,Good
10289,03-09-2004,13-09-2004,04-09-2004,Shipped,167,September,Friday,1,Average
10290,07-09-2004,15-09-2004,13-09-2004,Shipped,198,September,Tuesday,6,Good
10291,08-09-2004,17-09-2004,14-09-2004,Shipped,448,September,Wednesday,6,Good
10292,08-09-2004,18-09-2004,11-09-2004,Shipped,131,September,Wednesday,3,Average
10293,09-09-2004,18-09-2004,14-09-2004,Shipped,249,September,Thursday,5,Good
10294,10-09-2004,17-09-2004,14-09-2004,Shipped,204,September,Friday,4,Good
10295,10-09-2004,17-09-2004,14-09-2004,Shipped,362,September,Friday,4,Good
10296,15-09-2004,22-09-2004,16-09-2004,Shipped,415,September,Wednesday,1,Average
10297,16-09-2004,22-09-2004,21-09-2004,Shipped,189,September,Thursday,5,Good
10298,27-09-2004,05-10-2004,01-10-2004,Shipped,103,September,Monday,4,Good
10299,30-09-2004,10-10-2004,01-10-2004,Shipped,186,September,Thursday,1,Average
10300,04-10-2003,13-10-2003,09-10-2003,Shipped,128,October,Saturday,5,Good
10301,05-10-2003,15-10-2003,08-10-2003,Shipped,299,October,Sunday,3,Average
10302,06-10-2003,16-10-2003,07-10-2003,Shipped,201,October,Monday,1,Average
10303,06-10-2004,14-10-2004,09-10-2004,Shipped,484,October,Wednesday,3,Average
10304,11-10-2004,20-10-2004,17-10-2004,Shipped,256,October,Monday,6,Good
10305,13-10-2004,22-10-2004,15-10-2004,Shipped,286,October,Wednesday,2,Average
10306,14-10-2004,21-10-2004,17-10-2004,Shipped,187,October,Thursday,3,Average
10307,14-10-2004,23-10-2004,20-10-2004,Shipped,339,October,Thursday,6,Good
10308,15-10-2004,24-10-2004,20-10-2004,Shipped,319,October,Friday,5,Good
10309,15-10-2004,24-10-2004,18-10-2004,Shipped,121,October,Friday,3,Average
10310,16-10-2004,24-10-2004,18-10-2004,Shipped,259,October,Saturday,2,Average
10311,16-10-2004,23-10-2004,20-10-2004,Shipped,141,October,Saturday,4,Good
10312,21-10-2004,27-10-2004,23-10-2004,Shipped,124,October,Thursday,2,Average
10313,22-10-2004,28-10-2004,25-10-2004,Shipped,202,October,Friday,3,Average
10314,22-10-2004,01-11-2004,23-10-2004,Shipped,227,October,Friday,1,Average
10315,29-10-2004,08-11-2004,30-10-2004,Shipped,119,October,Friday,1,Average
10316,01-11-2004,09-11-2004,07-11-2004,Shipped,240,November,Monday,6,Good
10317,02-11-2004,12-11-2004,08-11-2004,Shipped,161,November,Tuesday,6,Good
10318,02-11-2004,09-11-2004,07-11-2004,Shipped,157,November,Tuesday,5,Good
10319,03-11-2004,11-11-2004,06-11-2004,Shipped,456,November,Wednesday,3,Average
10320,03-11-2004,13-11-2004,07-11-2004,Shipped,144,November,Wednesday,4,Good
10321,04-11-2004,12-11-2004,07-11-2004,Shipped,462,November,Thursday,3,Average
10322,04-11-2004,12-11-2004,10-11-2004,Shipped,363,November,Thursday,6,Good
10323,05-11-2004,12-11-2004,09-11-2004,Shipped,128,November,Friday,4,Good
10324,05-11-2004,11-11-2004,08-11-2004,Shipped,181,November,Friday,3,Average
10325,05-11-2004,13-11-2004,08-11-2004,Shipped,121,November,Friday,3,Average
10326,09-11-2004,16-11-2004,10-11-2004,Shipped,144,November,Tuesday,1,Average
10327,10-11-2004,19-11-2004,13-11-2004,Resolved,145,November,Wednesday,3,Average
10328,12-11-2004,21-11-2004,18-11-2004,Shipped,278,November,Friday,6,Good
10329,15-11-2004,24-11-2004,16-11-2004,Shipped,131,November,Monday,1,Average
10330,16-11-2004,25-11-2004,21-11-2004,Shipped,385,November,Tuesday,5,Good
10331,17-11-2004,23-11-2004,23-11-2004,Shipped,486,November,Wednesday,6,Good
10332,17-11-2004,25-11-2004,18-11-2004,Shipped,187,November,Wednesday,1,Average
10333,18-11-2004,27-11-2004,20-11-2004,Shipped,129,November,Thursday,2,Average
10334,19-11-2004,28-11-2004,20-11-2004,On Hold,144,November,Friday,1,Average
10335,19-11-2004,29-11-2004,23-11-2004,Shipped,124,November,Friday,4,Good
10336,20-11-2004,26-11-2004,24-11-2004,Shipped,172,November,Saturday,4,Good
10337,21-11-2004,30-11-2004,26-11-2004,Shipped,424,November,Sunday,5,Good
10338,22-11-2004,02-12-2004,27-11-2004,Shipped,381,November,Monday,5,Good
10339,23-11-2004,30-11-2004,30-11-2004,Shipped,398,November,Tuesday,7,Good
10340,24-11-2004,01-12-2004,25-11-2004,Shipped,216,November,Wednesday,1,Average
10341,24-11-2004,01-12-2004,29-11-2004,Shipped,382,November,Wednesday,5,Good
10342,24-11-2004,01-12-2004,29-11-2004,Shipped,114,November,Wednesday,5,Good
10343,24-11-2004,01-12-2004,26-11-2004,Shipped,353,November,Wednesday,2,Average
10344,25-11-2004,02-12-2004,29-11-2004,Shipped,350,November,Thursday,4,Good
10345,25-11-2004,01-12-2004,26-11-2004,Shipped,103,November,Thursday,1,Average
10346,29-11-2004,05-12-2004,30-11-2004,Shipped,112,November,Monday,1,Average
10347,29-11-2004,07-12-2004,30-11-2004,Shipped,114,November,Monday,1,Average
10348,01-11-2004,08-11-2004,05-11-2004,Shipped,458,November,Monday,4,Good
10349,01-12-2004,07-12-2004,03-12-2004,Shipped,151,December,Wednesday,2,Average
10350,02-12-2004,08-12-2004,05-12-2004,Shipped,141,December,Thursday,3,Average
10351,03-12-2004,11-12-2004,07-12-2004,Shipped,324,December,Friday,4,Good
10352,03-12-2004,12-12-2004,09-12-2004,Shipped,198,December,Friday,6,Good
10353,04-12-2004,11-12-2004,05-12-2004,Shipped,447,December,Saturday,1,Average
10354,04-12-2004,10-12-2004,05-12-2004,Shipped,323,December,Saturday,1,Average
10355,07-12-2004,14-12-2004,13-12-2004,Shipped,141,December,Tuesday,6,Good
10356,09-12-2004,15-12-2004,12-12-2004,Shipped,250,December,Thursday,3,Average
10357,10-12-2004,16-12-2004,14-12-2004,Shipped,124,December,Friday,4,Good
10358,10-12-2004,16-12-2004,16-12-2004,Shipped,141,December,Friday,6,Good
10359,15-12-2004,23-12-2004,18-12-2004,Shipped,353,December,Wednesday,3,Average
10360,16-12-2004,22-12-2004,18-12-2004,Shipped,496,December,Thursday,2,Average
10361,17-12-2004,24-12-2004,20-12-2004,Shipped,282,December,Friday,3,Average
10362,05-01-2005,16-01-2005,10-01-2005,Shipped,161,January,Wednesday,5,Good
10363,06-01-2005,12-01-2005,10-01-2005,Shipped,334,January,Thursday,4,Good
10364,06-01-2005,17-01-2005,09-01-2005,Shipped,350,January,Thursday,3,Average
10365,07-01-2005,18-01-2005,11-01-2005,Shipped,320,January,Friday,4,Good
10366,10-01-2005,19-01-2005,12-01-2005,Shipped,381,January,Monday,2,Average
10367,12-01-2005,21-01-2005,16-01-2005,Resolved,205,January,Wednesday,4,Good
10368,19-01-2005,27-01-2005,24-01-2005,Shipped,124,January,Wednesday,5,Good
10369,20-01-2005,28-01-2005,24-01-2005,Shipped,379,January,Thursday,4,Good
10370,20-01-2005,01-02-2005,25-01-2005,Shipped,276,January,Thursday,5,Good
10371,23-01-2005,03-02-2005,25-01-2005,Shipped,124,January,Sunday,2,Average
10372,26-01-2005,05-02-2005,28-01-2005,Shipped,398,January,Wednesday,2,Average
10373,31-01-2005,08-02-2005,06-02-2005,Shipped,311,January,Monday,6,Good
10374,02-02-2005,09-02-2005,03-02-2005,Shipped,333,February,Wednesday,1,Average
10375,03-02-2005,10-02-2005,06-02-2005,Shipped,119,February,Thursday,3,Average
10376,08-02-2005,18-02-2005,13-02-2005,Shipped,219,February,Tuesday,5,Good
10377,09-02-2005,21-02-2005,12-02-2005,Shipped,186,February,Wednesday,3,Average
10378,10-02-2005,18-02-2005,11-02-2005,Shipped,141,February,Thursday,1,Average
10379,10-02-2005,18-02-2005,11-02-2005,Shipped,141,February,Thursday,1,Average
10380,16-02-2005,24-02-2005,18-02-2005,Shipped,141,February,Wednesday,2,Average
10381,17-02-2005,25-02-2005,18-02-2005,Shipped,321,February,Thursday,1,Average
10382,17-02-2005,23-02-2005,18-02-2005,Shipped,124,February,Thursday,1,Average
10383,22-02-2005,02-03-2005,25-02-2005,Shipped,141,February,Tuesday,3,Average
10384,23-02-2005,06-03-2005,27-02-2005,Shipped,321,February,Wednesday,4,Good
10385,28-02-2005,09-03-2005,01-03-2005,Shipped,124,February,Monday,1,Average
10386,01-03-2005,09-03-2005,06-03-2005,Resolved,141,March,Tuesday,5,Good
10387,02-03-2005,09-03-2005,06-03-2005,Shipped,148,March,Wednesday,4,Good
10388,03-03-2005,11-03-2005,09-03-2005,Shipped,462,March,Thursday,6,Good
10389,03-03-2005,09-03-2005,08-03-2005,Shipped,448,March,Thursday,5,Good
10390,04-03-2005,11-03-2005,07-03-2005,Shipped,124,March,Friday,3,Average
10391,09-03-2005,20-03-2005,15-03-2005,Shipped,276,March,Wednesday,6,Good
10392,10-03-2005,18-03-2005,12-03-2005,Shipped,452,March,Thursday,2,Average
10393,11-03-2005,22-03-2005,14-03-2005,Shipped,323,March,Friday,3,Average
10394,15-03-2005,25-03-2005,19-03-2005,Shipped,141,March,Tuesday,4,Good
10395,17-03-2005,24-03-2005,23-03-2005,Shipped,250,March,Thursday,6,Good
10396,23-03-2005,02-04-2005,28-03-2005,Shipped,124,March,Wednesday,5,Good
10397,28-03-2005,09-04-2005,01-04-2005,Shipped,242,March,Monday,4,Good
10398,30-03-2005,09-04-2005,31-03-2005,Shipped,353,March,Wednesday,1,Average
10399,01-04-2005,12-04-2005,03-04-2005,Shipped,496,April,Friday,2,Average
10400,01-04-2005,11-04-2005,04-04-2005,Shipped,450,April,Friday,3,Average
10401,03-04-2005,14-04-2005,04-04-2005,On Hold,328,April,Sunday,1,Average
10402,07-04-2005,14-04-2005,12-04-2005,Shipped,406,April,Thursday,5,Good
10403,08-04-2005,18-04-2005,11-04-2005,Shipped,201,April,Friday,3,Average
10404,08-04-2005,14-04-2005,11-04-2005,Shipped,323,April,Friday,3,Average
10405,14-04-2005,24-04-2005,20-04-2005,Shipped,209,April,Thursday,6,Good
10406,15-04-2005,25-04-2005,21-04-2005,Disputed,145,April,Friday,6,Good
10407,22-04-2005,04-05-2005,21-04-2005,On Hold,450,April,Friday,-1,Average
10408,22-04-2005,29-04-2005,27-04-2005,Shipped,398,April,Friday,5,Good
10409,23-04-2005,05-05-2005,24-04-2005,Shipped,166,April,Saturday,1,Average
10410,29-04-2005,10-05-2005,30-04-2005,Shipped,357,April,Friday,1,Average
10411,01-05-2005,08-05-2005,06-05-2005,Shipped,233,May,Sunday,5,Good
10412,03-05-2005,13-05-2005,05-05-2005,Shipped,141,May,Tuesday,2,Average
10413,05-05-2005,14-05-2005,09-05-2005,Shipped,175,May,Thursday,4,Good
10414,06-05-2005,13-05-2005,09-05-2005,On Hold,362,May,Friday,3,Average
10415,09-05-2005,20-05-2005,12-05-2005,Disputed,471,May,Monday,3,Average
10416,10-05-2005,16-05-2005,14-05-2005,Shipped,386,May,Tuesday,4,Good
10417,13-05-2005,19-05-2005,19-05-2005,Disputed,141,May,Friday,6,Good
10418,16-05-2005,24-05-2005,20-05-2005,Shipped,412,May,Monday,4,Good
10419,17-05-2005,28-05-2005,19-05-2005,Shipped,382,May,Tuesday,2,Average
10420,29-05-2005,07-06-2005,19-05-2005,In Process,282,May,Sunday,-10,Average
10421,29-05-2005,06-06-2005,19-05-2005,In Process,124,May,Sunday,-10,Average
10422,30-05-2005,11-06-2005,19-05-2005,In Process,157,May,Monday,-11,Average
10423,30-05-2005,05-06-2005,19-05-2005,In Process,314,May,Monday,-11,Average
10424,31-05-2005,08-06-2005,19-05-2005,In Process,141,May,Tuesday,-12,Average
10425,31-05-2005,07-06-2005,19-05-2005,In Process,119,May,Tuesday,-12,Average
